,date,sales,index,trend,de-trend,T-3,T-4,T-5,T-6,T-7,MA3,MA5,Year,Month,Day,Weekday,Weekend,Firstdays,Lastdays
811,2021-09-20,34,12,10,24,24.0,40.0,16.0,41.0,25.0,24.333333333333332,27.4,2021,46.37837837837838,20,29.137931034482758,0,0,0
812,2021-09-21,24,13,11,13,24.0,24.0,40.0,16.0,41.0,24.333333333333332,24.2,2021,46.37837837837838,21,26.120689655172413,0,0,0
813,2021-09-22,39,14,11,28,15.0,24.0,24.0,40.0,16.0,32.333333333333336,27.2,2021,46.37837837837838,22,27.271186440677965,0,0,0
814,2021-09-23,54,15,11,43,34.0,15.0,24.0,24.0,40.0,39.0,33.2,2021,46.37837837837838,23,30.23728813559322,0,0,0
815,2021-09-24,31,16,11,20,24.0,34.0,15.0,24.0,24.0,41.333333333333336,36.4,2021,46.37837837837838,24,27.084745762711865,0,0,1
816,2021-09-25,20,17,11,9,39.0,24.0,34.0,15.0,24.0,35.0,33.6,2021,46.37837837837838,25,20.775862068965516,1,0,1
817,2021-09-27,27,18,11,16,54.0,39.0,24.0,34.0,15.0,26.0,34.2,2021,46.37837837837838,27,29.137931034482758,0,0,1
818,2021-09-28,35,19,11,24,31.0,54.0,39.0,24.0,34.0,27.333333333333332,33.4,2021,46.37837837837838,28,26.120689655172413,0,0,1
819,2021-09-29,31,20,11,20,20.0,31.0,54.0,39.0,24.0,31.0,28.8,2021,46.37837837837838,29,27.271186440677965,0,0,1
820,2021-09-30,93,21,11,82,27.0,20.0,31.0,54.0,39.0,53.0,41.2,2021,46.37837837837838,30,30.23728813559322,0,0,1
821,2021-10-01,20,22,11,9,35.0,27.0,20.0,31.0,54.0,48.0,41.2,2021,39.79245283018868,1,27.084745762711865,0,1,0
822,2021-10-02,12,23,11,1,31.0,35.0,27.0,20.0,31.0,41.666666666666664,38.2,2021,39.79245283018868,2,20.775862068965516,1,1,0
823,2021-10-04,14,24,12,2,93.0,31.0,35.0,27.0,20.0,15.333333333333334,34.0,2021,39.79245283018868,4,29.137931034482758,0,1,0
824,2021-10-05,9,25,12,-3,20.0,93.0,31.0,35.0,27.0,11.666666666666666,29.6,2021,39.79245283018868,5,26.120689655172413,0,1,0
825,2021-10-06,17,26,12,5,12.0,20.0,93.0,31.0,35.0,13.333333333333334,14.4,2021,39.79245283018868,6,27.271186440677965,0,1,0
826,2021-10-07,9,27,12,-3,14.0,12.0,20.0,93.0,31.0,11.666666666666666,12.2,2021,39.79245283018868,7,30.23728813559322,0,0,0
827,2021-10-08,22,28,12,10,9.0,14.0,12.0,20.0,93.0,16.0,14.2,2021,39.79245283018868,8,27.084745762711865,0,0,0
828,2021-10-09,25,29,12,13,17.0,9.0,14.0,12.0,20.0,18.666666666666668,16.4,2021,39.79245283018868,9,20.775862068965516,1,0,0
829,2021-10-11,26,30,12,14,9.0,17.0,9.0,14.0,12.0,24.333333333333332,19.8,2021,39.79245283018868,11,29.137931034482758,0,0,0
830,2021-10-12,16,31,12,4,22.0,9.0,17.0,9.0,14.0,22.333333333333332,19.6,2021,39.79245283018868,12,26.120689655172413,0,0,0
831,2021-10-13,27,32,12,15,25.0,22.0,9.0,17.0,9.0,23.0,23.2,2021,39.79245283018868,13,27.271186440677965,0,0,0
832,2021-10-14,29,33,12,17,26.0,25.0,22.0,9.0,17.0,24.0,24.6,2021,39.79245283018868,14,30.23728813559322,0,0,0
833,2021-10-15,23,34,12,11,16.0,26.0,25.0,22.0,9.0,26.333333333333332,24.2,2021,39.79245283018868,15,27.084745762711865,0,0,0
834,2021-10-16,28,35,13,15,27.0,16.0,26.0,25.0,22.0,26.666666666666668,24.6,2021,39.79245283018868,16,20.775862068965516,1,0,0
835,2021-10-18,31,36,13,18,29.0,27.0,16.0,26.0,25.0,27.333333333333332,27.6,2021,39.79245283018868,18,29.137931034482758,0,0,0
836,2021-10-19,42,37,13,29,23.0,29.0,27.0,16.0,26.0,33.666666666666664,30.6,2021,39.79245283018868,19,26.120689655172413,0,0,0
837,2021-10-20,33,38,13,20,28.0,23.0,29.0,27.0,16.0,35.333333333333336,31.4,2021,39.79245283018868,20,27.271186440677965,0,0,0
838,2021-10-21,27,39,13,14,31.0,28.0,23.0,29.0,27.0,34.0,32.2,2021,39.79245283018868,21,30.23728813559322,0,0,0
839,2021-10-22,27,40,13,14,42.0,31.0,28.0,23.0,29.0,29.0,32.0,2021,39.79245283018868,22,27.084745762711865,0,0,0
840,2021-10-23,22,41,13,9,33.0,42.0,31.0,28.0,23.0,25.333333333333332,30.2,2021,39.79245283018868,23,20.775862068965516,1,0,0
841,2021-10-25,30,42,13,17,27.0,33.0,42.0,31.0,28.0,26.333333333333332,27.8,2021,39.79245283018868,25,29.137931034482758,0,0,1
842,2021-10-26,38,43,13,25,27.0,27.0,33.0,42.0,31.0,30.0,28.8,2021,39.79245283018868,26,26.120689655172413,0,0,1
843,2021-10-27,45,44,13,32,22.0,27.0,27.0,33.0,42.0,37.666666666666664,32.4,2021,39.79245283018868,27,27.271186440677965,0,0,1
844,2021-10-28,56,45,13,43,30.0,22.0,27.0,27.0,33.0,46.333333333333336,38.2,2021,39.79245283018868,28,30.23728813559322,0,0,1
845,2021-10-29,47,46,14,33,38.0,30.0,22.0,27.0,27.0,49.333333333333336,43.2,2021,39.79245283018868,29,27.084745762711865,0,0,1
846,2021-10-30,33,47,14,19,45.0,38.0,30.0,22.0,27.0,45.333333333333336,43.8,2021,39.79245283018868,30,20.775862068965516,1,0,1
847,2021-11-01,11,48,14,-3,56.0,45.0,38.0,30.0,22.0,30.333333333333332,38.4,2021,20.58823529411765,1,29.137931034482758,0,1,0
848,2021-11-02,12,49,14,-2,47.0,56.0,45.0,38.0,30.0,18.666666666666668,31.8,2021,20.58823529411765,2,26.120689655172413,0,1,0
849,2021-11-03,12,50,14,-2,33.0,47.0,56.0,45.0,38.0,11.666666666666666,23.0,2021,20.58823529411765,3,27.271186440677965,0,1,0
850,2021-11-04,7,51,14,-7,11.0,33.0,47.0,56.0,45.0,10.333333333333334,15.0,2021,20.58823529411765,4,30.23728813559322,0,1,0
851,2021-11-05,22,52,14,8,12.0,11.0,33.0,47.0,56.0,13.666666666666666,12.8,2021,20.58823529411765,5,27.084745762711865,0,1,0
852,2021-11-06,10,53,14,-4,12.0,12.0,11.0,33.0,47.0,13.0,12.6,2021,20.58823529411765,6,20.775862068965516,1,1,0
853,2021-11-08,8,54,14,-6,7.0,12.0,12.0,11.0,33.0,13.333333333333334,11.8,2021,20.58823529411765,8,29.137931034482758,0,0,0
854,2021-11-09,21,55,14,7,22.0,7.0,12.0,12.0,11.0,13.0,13.6,2021,20.58823529411765,9,26.120689655172413,0,0,0
855,2021-11-10,23,56,14,9,10.0,22.0,7.0,12.0,12.0,17.333333333333332,16.8,2021,20.58823529411765,10,27.271186440677965,0,0,0
856,2021-11-11,14,57,15,-1,8.0,10.0,22.0,7.0,12.0,19.333333333333332,15.2,2021,20.58823529411765,11,30.23728813559322,0,0,0
857,2021-11-12,8,58,15,-7,21.0,8.0,10.0,22.0,7.0,15.0,14.8,2021,20.58823529411765,12,27.084745762711865,0,0,0
858,2021-11-13,14,59,15,-1,23.0,21.0,8.0,10.0,22.0,12.0,16.0,2021,20.58823529411765,13,20.775862068965516,1,0,0
859,2021-11-15,26,60,15,11,14.0,23.0,21.0,8.0,10.0,16.0,17.0,2021,20.58823529411765,15,29.137931034482758,0,0,0
860,2021-11-16,20,61,15,5,8.0,14.0,23.0,21.0,8.0,20.0,16.4,2021,20.58823529411765,16,26.120689655172413,0,0,0
861,2021-11-17,22,62,15,7,14.0,8.0,14.0,23.0,21.0,22.666666666666668,18.0,2021,20.58823529411765,17,27.271186440677965,0,0,0
862,2021-11-18,19,63,15,4,26.0,14.0,8.0,14.0,23.0,20.333333333333332,20.2,2021,20.58823529411765,18,30.23728813559322,0,0,0
863,2021-11-19,13,64,15,-2,20.0,26.0,14.0,8.0,14.0,18.0,20.0,2021,20.58823529411765,19,27.084745762711865,0,0,0
864,2021-11-20,19,65,15,4,22.0,20.0,26.0,14.0,8.0,17.0,18.6,2021,20.58823529411765,20,20.775862068965516,1,0,0
865,2021-11-22,15,66,15,0,19.0,22.0,20.0,26.0,14.0,15.666666666666666,17.6,2021,20.58823529411765,22,29.137931034482758,0,0,0
866,2021-11-23,21,67,16,5,13.0,19.0,22.0,20.0,26.0,18.333333333333332,17.4,2021,20.58823529411765,23,26.120689655172413,0,0,0
867,2021-11-24,17,68,16,1,19.0,13.0,19.0,22.0,20.0,17.666666666666668,17.0,2021,20.58823529411765,24,27.271186440677965,0,0,1
868,2021-11-25,26,69,16,10,15.0,19.0,13.0,19.0,22.0,21.333333333333332,19.6,2021,20.58823529411765,25,30.23728813559322,0,0,1
869,2021-11-26,28,70,16,12,21.0,15.0,19.0,13.0,19.0,23.666666666666668,21.4,2021,20.58823529411765,26,27.084745762711865,0,0,1
870,2021-11-27,15,71,16,-1,17.0,21.0,15.0,19.0,13.0,23.0,21.4,2021,20.58823529411765,27,20.775862068965516,1,0,1
871,2021-11-29,12,72,16,-4,26.0,17.0,21.0,15.0,19.0,18.333333333333332,19.6,2021,20.58823529411765,29,29.137931034482758,0,0,1
872,2021-11-30,8,73,16,-8,28.0,26.0,17.0,21.0,15.0,11.666666666666666,17.8,2021,20.58823529411765,30,26.120689655172413,0,0,1
873,2021-12-01,16,74,16,0,15.0,28.0,26.0,17.0,21.0,12.0,15.8,2021,10.518518518518519,1,27.271186440677965,0,1,0
874,2021-12-02,10,75,16,-6,12.0,15.0,28.0,26.0,17.0,11.333333333333334,12.2,2021,10.518518518518519,2,30.23728813559322,0,1,0
875,2021-12-03,9,76,16,-7,8.0,12.0,15.0,28.0,26.0,11.666666666666666,11.0,2021,10.518518518518519,3,27.084745762711865,0,1,0
876,2021-12-04,8,77,16,-8,16.0,8.0,12.0,15.0,28.0,9.0,10.2,2021,10.518518518518519,4,20.775862068965516,1,1,0
877,2021-12-06,19,78,17,2,10.0,16.0,8.0,12.0,15.0,12.0,12.4,2021,10.518518518518519,6,29.137931034482758,0,1,0
878,2021-12-07,11,79,17,-6,9.0,10.0,16.0,8.0,12.0,12.666666666666666,11.4,2021,10.518518518518519,7,26.120689655172413,0,0,0
879,2021-12-08,5,80,17,-12,8.0,9.0,10.0,16.0,8.0,11.666666666666666,10.4,2021,10.518518518518519,8,27.271186440677965,0,0,0
880,2021-12-09,7,81,17,-10,19.0,8.0,9.0,10.0,16.0,7.666666666666667,10.0,2021,10.518518518518519,9,30.23728813559322,0,0,0
881,2021-12-10,8,82,17,-9,11.0,19.0,8.0,9.0,10.0,6.666666666666667,10.0,2021,10.518518518518519,10,27.084745762711865,0,0,0
882,2021-12-11,17,83,17,0,5.0,11.0,19.0,8.0,9.0,10.666666666666666,9.6,2021,10.518518518518519,11,20.775862068965516,1,0,0
883,2021-12-13,28,84,17,11,7.0,5.0,11.0,19.0,8.0,17.666666666666668,13.0,2021,10.518518518518519,13,29.137931034482758,0,0,0
884,2021-12-14,11,85,17,-6,8.0,7.0,5.0,11.0,19.0,18.666666666666668,14.2,2021,10.518518518518519,14,26.120689655172413,0,0,0
885,2021-12-15,18,86,17,1,17.0,8.0,7.0,5.0,11.0,19.0,16.4,2021,10.518518518518519,15,27.271186440677965,0,0,0
886,2021-12-16,18,87,17,1,28.0,17.0,8.0,7.0,5.0,15.666666666666666,18.4,2021,10.518518518518519,16,30.23728813559322,0,0,0
887,2021-12-17,16,88,17,-1,11.0,28.0,17.0,8.0,7.0,17.333333333333332,18.2,2021,10.518518518518519,17,27.084745762711865,0,0,0
888,2021-12-18,5,89,18,-13,18.0,11.0,28.0,17.0,8.0,13.0,13.6,2021,10.518518518518519,18,20.775862068965516,1,0,0
889,2021-12-20,14,90,18,-4,18.0,18.0,11.0,28.0,17.0,11.666666666666666,14.2,2021,10.518518518518519,20,29.137931034482758,0,0,0
890,2021-12-21,4,91,18,-14,16.0,18.0,18.0,11.0,28.0,7.666666666666667,11.4,2021,10.518518518518519,21,26.120689655172413,0,0,0
891,2021-12-22,6,92,18,-12,5.0,16.0,18.0,18.0,11.0,8.0,9.0,2021,10.518518518518519,22,27.271186440677965,0,0,0
892,2021-12-23,3,93,18,-15,14.0,5.0,16.0,18.0,18.0,4.333333333333333,6.4,2021,10.518518518518519,23,30.23728813559322,0,0,0
893,2021-12-24,6,94,18,-12,4.0,14.0,5.0,16.0,18.0,5.0,6.6,2021,10.518518518518519,24,27.084745762711865,0,0,1
894,2021-12-25,14,95,18,-4,6.0,4.0,14.0,5.0,16.0,7.666666666666667,6.6,2021,10.518518518518519,25,20.775862068965516,1,0,1
895,2021-12-27,10,96,18,-8,3.0,6.0,4.0,14.0,5.0,10.0,7.8,2021,10.518518518518519,27,29.137931034482758,0,0,1
896,2021-12-28,5,97,18,-13,6.0,3.0,6.0,4.0,14.0,9.666666666666666,7.6,2021,10.518518518518519,28,26.120689655172413,0,0,1
897,2021-12-29,7,98,18,-11,14.0,6.0,3.0,6.0,4.0,7.333333333333333,8.4,2021,10.518518518518519,29,27.271186440677965,0,0,1
898,2021-12-30,5,99,18,-13,10.0,14.0,6.0,3.0,6.0,5.666666666666667,8.2,2021,10.518518518518519,30,30.23728813559322,0,0,1
899,2021-12-31,4,100,19,-15,5.0,10.0,14.0,6.0,3.0,5.333333333333333,6.2,2021,10.518518518518519,31,27.084745762711865,0,0,1
900,2022-01-03,6,101,19,-13,7.0,5.0,10.0,14.0,6.0,5.0,5.4,2022,14.4,3,29.137931034482758,0,1,0
901,2022-01-04,16,102,19,-3,5.0,7.0,5.0,10.0,14.0,8.666666666666666,7.6,2022,14.4,4,26.120689655172413,0,1,0
902,2022-01-05,9,103,19,-10,4.0,5.0,7.0,5.0,10.0,10.333333333333334,8.0,2022,14.4,5,27.271186440677965,0,1,0
903,2022-01-06,3,104,19,-16,6.0,4.0,5.0,7.0,5.0,9.333333333333334,7.6,2022,14.4,6,30.23728813559322,0,1,0
904,2022-01-07,21,105,19,2,16.0,6.0,4.0,5.0,7.0,11.0,11.0,2022,14.4,7,27.084745762711865,0,0,0
905,2022-01-08,10,106,19,-9,9.0,16.0,6.0,4.0,5.0,11.333333333333334,11.8,2022,14.4,8,20.775862068965516,1,0,0
906,2022-01-10,13,107,19,-6,3.0,9.0,16.0,6.0,4.0,14.666666666666666,11.2,2022,14.4,10,29.137931034482758,0,0,0
907,2022-01-11,9,108,19,-10,21.0,3.0,9.0,16.0,6.0,10.666666666666666,11.2,2022,14.4,11,26.120689655172413,0,0,0
908,2022-01-12,7,109,19,-12,10.0,21.0,3.0,9.0,16.0,9.666666666666666,12.0,2022,14.4,12,27.271186440677965,0,0,0
909,2022-01-13,12,110,19,-7,13.0,10.0,21.0,3.0,9.0,9.333333333333334,10.2,2022,14.4,13,30.23728813559322,0,0,0
910,2022-01-14,4,111,20,-16,9.0,13.0,10.0,21.0,3.0,7.666666666666667,9.0,2022,14.4,14,27.084745762711865,0,0,0
911,2022-01-15,13,112,20,-7,7.0,9.0,13.0,10.0,21.0,9.666666666666666,9.0,2022,14.4,15,20.775862068965516,1,0,0
912,2022-01-17,11,113,20,-9,12.0,7.0,9.0,13.0,10.0,9.333333333333334,9.4,2022,14.4,17,29.137931034482758,0,0,0
913,2022-01-18,21,114,20,1,4.0,12.0,7.0,9.0,13.0,15.0,12.2,2022,14.4,18,26.120689655172413,0,0,0
914,2022-01-19,7,115,20,-13,13.0,4.0,12.0,7.0,9.0,13.0,11.2,2022,14.4,19,27.271186440677965,0,0,0
915,2022-01-20,15,116,20,-5,11.0,13.0,4.0,12.0,7.0,14.333333333333334,13.4,2022,14.4,20,30.23728813559322,0,0,0
916,2022-01-21,12,117,20,-8,21.0,11.0,13.0,4.0,12.0,11.333333333333334,13.2,2022,14.4,21,27.084745762711865,0,0,0
917,2022-01-22,30,118,20,10,7.0,21.0,11.0,13.0,4.0,19.0,17.0,2022,14.4,22,20.775862068965516,1,0,0
918,2022-01-24,29,119,20,9,15.0,7.0,21.0,11.0,13.0,23.666666666666668,18.6,2022,14.4,24,29.137931034482758,0,0,1
919,2022-01-25,14,120,20,-6,12.0,15.0,7.0,21.0,11.0,24.333333333333332,20.0,2022,14.4,25,26.120689655172413,0,0,1
920,2022-01-26,11,121,20,-9,30.0,12.0,15.0,7.0,21.0,18.0,19.2,2022,14.4,26,27.271186440677965,0,0,1
921,2022-01-27,20,122,21,-1,29.0,30.0,12.0,15.0,7.0,15.0,20.8,2022,14.4,27,30.23728813559322,0,0,1
922,2022-01-28,21,123,21,0,14.0,29.0,30.0,12.0,15.0,17.333333333333332,19.0,2022,14.4,28,27.084745762711865,0,0,1
923,2022-01-29,8,124,21,-13,11.0,14.0,29.0,30.0,12.0,16.333333333333332,14.8,2022,14.4,29,20.775862068965516,1,0,1
924,2022-01-31,38,125,21,17,20.0,11.0,14.0,29.0,30.0,22.333333333333332,19.6,2022,14.4,31,29.137931034482758,0,0,1
925,2022-02-01,11,126,21,-10,21.0,20.0,11.0,14.0,29.0,19.0,19.6,2022,15.291666666666666,1,26.120689655172413,0,1,0
926,2022-02-02,6,127,21,-15,8.0,21.0,20.0,11.0,14.0,18.333333333333332,16.8,2022,15.291666666666666,2,27.271186440677965,0,1,0
927,2022-02-03,3,128,21,-18,38.0,8.0,21.0,20.0,11.0,6.666666666666667,13.2,2022,15.291666666666666,3,30.23728813559322,0,1,0
928,2022-02-04,10,129,21,-11,11.0,38.0,8.0,21.0,20.0,6.333333333333333,13.6,2022,15.291666666666666,4,27.084745762711865,0,1,0
929,2022-02-05,6,130,21,-15,6.0,11.0,38.0,8.0,21.0,6.333333333333333,7.2,2022,15.291666666666666,5,20.775862068965516,1,1,0
930,2022-02-07,11,131,21,-10,3.0,6.0,11.0,38.0,8.0,9.0,7.2,2022,15.291666666666666,7,29.137931034482758,0,0,0
931,2022-02-08,6,132,21,-15,10.0,3.0,6.0,11.0,38.0,7.666666666666667,7.2,2022,15.291666666666666,8,26.120689655172413,0,0,0
932,2022-02-09,13,133,22,-9,6.0,10.0,3.0,6.0,11.0,10.0,9.2,2022,15.291666666666666,9,27.271186440677965,0,0,0
933,2022-02-10,25,134,22,3,11.0,6.0,10.0,3.0,6.0,14.666666666666666,12.2,2022,15.291666666666666,10,30.23728813559322,0,0,0
934,2022-02-11,6,135,22,-16,6.0,11.0,6.0,10.0,3.0,14.666666666666666,12.2,2022,15.291666666666666,11,27.084745762711865,0,0,0
935,2022-02-12,9,136,22,-13,13.0,6.0,11.0,6.0,10.0,13.333333333333334,11.8,2022,15.291666666666666,12,20.775862068965516,1,0,0
936,2022-02-14,8,137,22,-14,25.0,13.0,6.0,11.0,6.0,7.666666666666667,12.2,2022,15.291666666666666,14,29.137931034482758,0,0,0
937,2022-02-15,13,138,22,-9,6.0,25.0,13.0,6.0,11.0,10.0,12.2,2022,15.291666666666666,15,26.120689655172413,0,0,0
938,2022-02-16,7,139,22,-15,9.0,6.0,25.0,13.0,6.0,9.333333333333334,8.6,2022,15.291666666666666,16,27.271186440677965,0,0,0
939,2022-02-17,8,140,22,-14,8.0,9.0,6.0,25.0,13.0,9.333333333333334,9.0,2022,15.291666666666666,17,30.23728813559322,0,0,0
940,2022-02-18,6,141,22,-16,13.0,8.0,9.0,6.0,25.0,7.0,8.4,2022,15.291666666666666,18,27.084745762711865,0,0,0
941,2022-02-19,6,142,22,-16,7.0,13.0,8.0,9.0,6.0,6.666666666666667,8.0,2022,15.291666666666666,19,20.775862068965516,1,0,0
942,2022-02-21,10,143,22,-12,8.0,7.0,13.0,8.0,9.0,7.333333333333333,7.4,2022,15.291666666666666,21,29.137931034482758,0,0,0
943,2022-02-22,23,144,23,0,6.0,8.0,7.0,13.0,8.0,13.0,10.6,2022,15.291666666666666,22,26.120689655172413,0,0,0
944,2022-02-23,31,145,23,8,6.0,6.0,8.0,7.0,13.0,21.333333333333332,15.2,2022,15.291666666666666,23,27.271186440677965,0,0,0
945,2022-02-24,21,146,23,-2,10.0,6.0,6.0,8.0,7.0,25.0,18.2,2022,15.291666666666666,24,30.23728813559322,0,0,1
946,2022-02-25,25,147,23,2,23.0,10.0,6.0,6.0,8.0,25.666666666666668,22.0,2022,15.291666666666666,25,27.084745762711865,0,0,1
947,2022-02-26,22,148,23,-1,31.0,23.0,10.0,6.0,6.0,22.666666666666668,24.4,2022,15.291666666666666,26,20.775862068965516,1,0,1
948,2022-02-28,81,149,23,58,21.0,31.0,23.0,10.0,6.0,42.666666666666664,36.0,2022,15.291666666666666,28,29.137931034482758,0,0,1
949,2022-03-01,16,150,23,-7,25.0,21.0,31.0,23.0,10.0,39.666666666666664,33.0,2022,13.555555555555555,1,26.120689655172413,0,1,0
950,2022-03-02,3,151,23,-20,22.0,25.0,21.0,31.0,23.0,33.333333333333336,29.4,2022,13.555555555555555,2,27.271186440677965,0,1,0
951,2022-03-03,5,152,23,-18,81.0,22.0,25.0,21.0,31.0,8.0,25.4,2022,13.555555555555555,3,30.23728813559322,0,1,0
952,2022-03-04,9,153,23,-14,16.0,81.0,22.0,25.0,21.0,5.666666666666667,22.8,2022,13.555555555555555,4,27.084745762711865,0,1,0
953,2022-03-05,12,154,23,-11,3.0,16.0,81.0,22.0,25.0,8.666666666666666,9.0,2022,13.555555555555555,5,20.775862068965516,1,1,0
954,2022-03-07,11,155,24,-13,5.0,3.0,16.0,81.0,22.0,10.666666666666666,8.0,2022,13.555555555555555,7,29.137931034482758,0,0,0
955,2022-03-08,11,156,24,-13,9.0,5.0,3.0,16.0,81.0,11.333333333333334,9.6,2022,13.555555555555555,8,26.120689655172413,0,0,0
956,2022-03-09,10,157,24,-14,12.0,9.0,5.0,3.0,16.0,10.666666666666666,10.6,2022,13.555555555555555,9,27.271186440677965,0,0,0
957,2022-03-10,3,158,24,-21,11.0,12.0,9.0,5.0,3.0,8.0,9.4,2022,13.555555555555555,10,30.23728813559322,0,0,0
958,2022-03-11,14,159,24,-10,11.0,11.0,12.0,9.0,5.0,9.0,9.8,2022,13.555555555555555,11,27.084745762711865,0,0,0
959,2022-03-12,10,160,24,-14,10.0,11.0,11.0,12.0,9.0,9.0,9.6,2022,13.555555555555555,12,20.775862068965516,1,0,0
960,2022-03-14,8,161,24,-16,3.0,10.0,11.0,11.0,12.0,10.666666666666666,9.0,2022,13.555555555555555,14,29.137931034482758,0,0,0
961,2022-03-15,11,162,24,-13,14.0,3.0,10.0,11.0,11.0,9.666666666666666,9.2,2022,13.555555555555555,15,26.120689655172413,0,0,0
962,2022-03-16,10,163,24,-14,10.0,14.0,3.0,10.0,11.0,9.666666666666666,10.6,2022,13.555555555555555,16,27.271186440677965,0,0,0
963,2022-03-17,7,164,24,-17,8.0,10.0,14.0,3.0,10.0,9.333333333333334,9.2,2022,13.555555555555555,17,30.23728813559322,0,0,0
964,2022-03-18,32,165,24,8,11.0,8.0,10.0,14.0,3.0,16.333333333333332,13.6,2022,13.555555555555555,18,27.084745762711865,0,0,0
965,2022-03-19,8,166,25,-17,10.0,11.0,8.0,10.0,14.0,15.666666666666666,13.6,2022,13.555555555555555,19,20.775862068965516,1,0,0
966,2022-03-21,24,167,25,-1,7.0,10.0,11.0,8.0,10.0,21.333333333333332,16.2,2022,13.555555555555555,21,29.137931034482758,0,0,0
967,2022-03-22,11,168,25,-14,32.0,7.0,10.0,11.0,8.0,14.333333333333334,16.4,2022,13.555555555555555,22,26.120689655172413,0,0,0
968,2022-03-23,22,169,25,-3,8.0,32.0,7.0,10.0,11.0,19.0,19.4,2022,13.555555555555555,23,27.271186440677965,0,0,0
969,2022-03-24,16,170,25,-9,24.0,8.0,32.0,7.0,10.0,16.333333333333332,16.2,2022,13.555555555555555,24,30.23728813559322,0,0,1
970,2022-03-25,9,171,25,-16,11.0,24.0,8.0,32.0,7.0,15.666666666666666,16.4,2022,13.555555555555555,25,27.084745762711865,0,0,1
971,2022-03-26,17,172,25,-8,22.0,11.0,24.0,8.0,32.0,14.0,15.0,2022,13.555555555555555,26,20.775862068965516,1,0,1
972,2022-03-28,14,173,25,-11,16.0,22.0,11.0,24.0,8.0,13.333333333333334,15.6,2022,13.555555555555555,28,29.137931034482758,0,0,1
973,2022-03-29,18,174,25,-7,9.0,16.0,22.0,11.0,24.0,16.333333333333332,14.8,2022,13.555555555555555,29,26.120689655172413,0,0,1
974,2022-03-30,18,175,25,-7,17.0,9.0,16.0,22.0,11.0,16.666666666666668,15.2,2022,13.555555555555555,30,27.271186440677965,0,0,1
975,2022-03-31,37,176,25,12,14.0,17.0,9.0,16.0,22.0,24.333333333333332,20.8,2022,13.555555555555555,31,30.23728813559322,0,0,1
976,2022-04-01,10,177,26,-16,18.0,14.0,17.0,9.0,16.0,21.666666666666668,19.4,2022,16.884615384615383,1,27.084745762711865,0,1,0
977,2022-04-02,11,178,26,-15,18.0,18.0,14.0,17.0,9.0,19.333333333333332,18.8,2022,16.884615384615383,2,20.775862068965516,1,1,0
978,2022-04-04,10,179,26,-16,37.0,18.0,18.0,14.0,17.0,10.333333333333334,17.2,2022,16.884615384615383,4,29.137931034482758,0,1,0
979,2022-04-05,5,180,26,-21,10.0,37.0,18.0,18.0,14.0,8.666666666666666,14.6,2022,16.884615384615383,5,26.120689655172413,0,1,0
980,2022-04-06,16,181,26,-10,11.0,10.0,37.0,18.0,18.0,10.333333333333334,10.4,2022,16.884615384615383,6,27.271186440677965,0,1,0
981,2022-04-07,21,182,26,-5,10.0,11.0,10.0,37.0,18.0,14.0,12.6,2022,16.884615384615383,7,30.23728813559322,0,0,0
982,2022-04-08,6,183,26,-20,5.0,10.0,11.0,10.0,37.0,14.333333333333334,11.6,2022,16.884615384615383,8,27.084745762711865,0,0,0
983,2022-04-09,10,184,26,-16,16.0,5.0,10.0,11.0,10.0,12.333333333333334,11.6,2022,16.884615384615383,9,20.775862068965516,1,0,0
984,2022-04-11,13,185,26,-13,21.0,16.0,5.0,10.0,11.0,9.666666666666666,13.2,2022,16.884615384615383,11,29.137931034482758,0,0,0
985,2022-04-12,15,186,26,-11,6.0,21.0,16.0,5.0,10.0,12.666666666666666,13.0,2022,16.884615384615383,12,26.120689655172413,0,0,0
986,2022-04-13,11,187,26,-15,10.0,6.0,21.0,16.0,5.0,13.0,11.0,2022,16.884615384615383,13,27.271186440677965,0,0,0
987,2022-04-14,15,188,27,-12,13.0,10.0,6.0,21.0,16.0,13.666666666666666,12.8,2022,16.884615384615383,14,30.23728813559322,0,0,0
988,2022-04-15,16,189,27,-11,15.0,13.0,10.0,6.0,21.0,14.0,14.0,2022,16.884615384615383,15,27.084745762711865,0,0,0
989,2022-04-16,12,190,27,-15,11.0,15.0,13.0,10.0,6.0,14.333333333333334,13.8,2022,16.884615384615383,16,20.775862068965516,1,0,0
990,2022-04-18,8,191,27,-19,15.0,11.0,15.0,13.0,10.0,12.0,12.4,2022,16.884615384615383,18,29.137931034482758,0,0,0
991,2022-04-19,12,192,27,-15,16.0,15.0,11.0,15.0,13.0,10.666666666666666,12.6,2022,16.884615384615383,19,26.120689655172413,0,0,0
992,2022-04-20,16,193,27,-11,12.0,16.0,15.0,11.0,15.0,12.0,12.8,2022,16.884615384615383,20,27.271186440677965,0,0,0
993,2022-04-21,18,194,27,-9,8.0,12.0,16.0,15.0,11.0,15.333333333333334,13.2,2022,16.884615384615383,21,30.23728813559322,0,0,0
994,2022-04-22,15,195,27,-12,12.0,8.0,12.0,16.0,15.0,16.333333333333332,13.8,2022,16.884615384615383,22,27.084745762711865,0,0,0
995,2022-04-23,10,196,27,-17,16.0,12.0,8.0,12.0,16.0,14.333333333333334,14.2,2022,16.884615384615383,23,20.775862068965516,1,0,0
996,2022-04-25,24,197,27,-3,18.0,16.0,12.0,8.0,12.0,16.333333333333332,16.6,2022,16.884615384615383,25,29.137931034482758,0,0,1
997,2022-04-26,28,198,27,1,15.0,18.0,16.0,12.0,8.0,20.666666666666668,19.0,2022,16.884615384615383,26,26.120689655172413,0,0,1
998,2022-04-27,26,199,28,-2,10.0,15.0,18.0,16.0,12.0,26.0,20.6,2022,16.884615384615383,27,27.271186440677965,0,0,1
999,2022-04-28,31,200,28,3,24.0,10.0,15.0,18.0,16.0,28.333333333333332,23.8,2022,16.884615384615383,28,30.23728813559322,0,0,1
1000,2022-04-29,31,201,28,3,28.0,24.0,10.0,15.0,18.0,29.333333333333332,28.0,2022,16.884615384615383,29,27.084745762711865,0,0,1
1001,2022-04-30,49,202,28,21,26.0,28.0,24.0,10.0,15.0,37.0,33.0,2022,16.884615384615383,30,20.775862068965516,1,0,1
1002,2022-05-05,9,203,28,-19,31.0,26.0,28.0,24.0,10.0,29.666666666666668,29.2,2022,17.217391304347824,5,30.23728813559322,0,1,0
1003,2022-05-06,9,204,28,-19,31.0,31.0,26.0,28.0,24.0,22.333333333333332,25.8,2022,17.217391304347824,6,27.084745762711865,0,1,0
1004,2022-05-07,4,205,28,-24,49.0,31.0,31.0,26.0,28.0,7.333333333333333,20.4,2022,17.217391304347824,7,20.775862068965516,1,0,0
1005,2022-05-09,5,206,28,-23,9.0,49.0,31.0,31.0,26.0,6.0,15.2,2022,17.217391304347824,9,29.137931034482758,0,0,0
1006,2022-05-10,11,207,28,-17,9.0,9.0,49.0,31.0,31.0,6.666666666666667,7.6,2022,17.217391304347824,10,26.120689655172413,0,0,0
1007,2022-05-11,12,208,28,-16,4.0,9.0,9.0,49.0,31.0,9.333333333333334,8.2,2022,17.217391304347824,11,27.271186440677965,0,0,0
1008,2022-05-12,9,209,28,-19,5.0,4.0,9.0,9.0,49.0,10.666666666666666,8.2,2022,17.217391304347824,12,30.23728813559322,0,0,0
1009,2022-05-13,13,210,29,-16,11.0,5.0,4.0,9.0,9.0,11.333333333333334,10.0,2022,17.217391304347824,13,27.084745762711865,0,0,0
1010,2022-05-14,30,211,29,1,12.0,11.0,5.0,4.0,9.0,17.333333333333332,15.0,2022,17.217391304347824,14,20.775862068965516,1,0,0
1011,2022-05-16,16,212,29,-13,9.0,12.0,11.0,5.0,4.0,19.666666666666668,16.0,2022,17.217391304347824,16,29.137931034482758,0,0,0
1012,2022-05-17,25,213,29,-4,13.0,9.0,12.0,11.0,5.0,23.666666666666668,18.6,2022,17.217391304347824,17,26.120689655172413,0,0,0
1013,2022-05-18,14,214,29,-15,30.0,13.0,9.0,12.0,11.0,18.333333333333332,19.6,2022,17.217391304347824,18,27.271186440677965,0,0,0
1014,2022-05-19,29,215,29,0,16.0,30.0,13.0,9.0,12.0,22.666666666666668,22.8,2022,17.217391304347824,19,30.23728813559322,0,0,0
1015,2022-05-20,19,216,29,-10,25.0,16.0,30.0,13.0,9.0,20.666666666666668,20.6,2022,17.217391304347824,20,27.084745762711865,0,0,0
1016,2022-05-21,13,217,29,-16,14.0,25.0,16.0,30.0,13.0,20.333333333333332,20.0,2022,17.217391304347824,21,20.775862068965516,1,0,0
1017,2022-05-23,33,218,29,4,29.0,14.0,25.0,16.0,30.0,21.666666666666668,21.6,2022,17.217391304347824,23,29.137931034482758,0,0,0
1018,2022-05-24,16,219,29,-13,19.0,29.0,14.0,25.0,16.0,20.666666666666668,22.0,2022,17.217391304347824,24,26.120689655172413,0,0,1
1019,2022-05-25,33,220,29,4,13.0,19.0,29.0,14.0,25.0,27.333333333333332,22.8,2022,17.217391304347824,25,27.271186440677965,0,0,1
1020,2022-05-26,29,221,30,-1,33.0,13.0,19.0,29.0,14.0,26.0,24.8,2022,17.217391304347824,26,30.23728813559322,0,0,1
1021,2022-05-27,21,222,30,-9,16.0,33.0,13.0,19.0,29.0,27.666666666666668,26.4,2022,17.217391304347824,27,27.084745762711865,0,0,1
1022,2022-05-28,7,223,30,-23,33.0,16.0,33.0,13.0,19.0,19.0,21.2,2022,17.217391304347824,28,20.775862068965516,1,0,1
1023,2022-05-30,5,224,30,-25,29.0,33.0,16.0,33.0,13.0,11.0,19.0,2022,17.217391304347824,30,29.137931034482758,0,0,1
1024,2022-05-31,34,225,30,4,21.0,29.0,33.0,16.0,33.0,15.333333333333334,19.2,2022,17.217391304347824,31,26.120689655172413,0,0,1
1025,2022-06-01,12,226,30,-18,7.0,21.0,29.0,33.0,16.0,17.0,15.8,2022,24.307692307692307,1,27.271186440677965,0,1,0
1026,2022-06-02,9,227,30,-21,5.0,7.0,21.0,29.0,33.0,18.333333333333332,13.4,2022,24.307692307692307,2,30.23728813559322,0,1,0
1027,2022-06-03,6,228,30,-24,34.0,5.0,7.0,21.0,29.0,9.0,13.2,2022,24.307692307692307,3,27.084745762711865,0,1,0
1028,2022-06-04,10,229,30,-20,12.0,34.0,5.0,7.0,21.0,8.333333333333334,14.2,2022,24.307692307692307,4,20.775862068965516,1,1,0
1029,2022-06-06,13,230,30,-17,9.0,12.0,34.0,5.0,7.0,9.666666666666666,10.0,2022,24.307692307692307,6,29.137931034482758,0,1,0
1030,2022-06-07,19,231,30,-11,6.0,9.0,12.0,34.0,5.0,14.0,11.4,2022,24.307692307692307,7,26.120689655172413,0,0,0
1031,2022-06-08,11,232,31,-20,10.0,6.0,9.0,12.0,34.0,14.333333333333334,11.8,2022,24.307692307692307,8,27.271186440677965,0,0,0
1032,2022-06-09,72,233,31,41,13.0,10.0,6.0,9.0,12.0,34.0,25.0,2022,24.307692307692307,9,30.23728813559322,0,0,0
1033,2022-06-10,14,234,31,-17,19.0,13.0,10.0,6.0,9.0,32.333333333333336,25.8,2022,24.307692307692307,10,27.084745762711865,0,0,0
1034,2022-06-11,8,235,31,-23,11.0,19.0,13.0,10.0,6.0,31.333333333333332,24.8,2022,24.307692307692307,11,20.775862068965516,1,0,0
1035,2022-06-13,13,236,31,-18,72.0,11.0,19.0,13.0,10.0,11.666666666666666,23.6,2022,24.307692307692307,13,29.137931034482758,0,0,0
1036,2022-06-14,24,237,31,-7,14.0,72.0,11.0,19.0,13.0,15.0,26.2,2022,24.307692307692307,14,26.120689655172413,0,0,0
1037,2022-06-15,36,238,31,5,8.0,14.0,72.0,11.0,19.0,24.333333333333332,19.0,2022,24.307692307692307,15,27.271186440677965,0,0,0
1038,2022-06-16,20,239,31,-11,13.0,8.0,14.0,72.0,11.0,26.666666666666668,20.2,2022,24.307692307692307,16,30.23728813559322,0,0,0
1039,2022-06-17,8,240,31,-23,24.0,13.0,8.0,14.0,72.0,21.333333333333332,20.2,2022,24.307692307692307,17,27.084745762711865,0,0,0
1040,2022-06-18,18,241,31,-13,36.0,24.0,13.0,8.0,14.0,15.333333333333334,21.2,2022,24.307692307692307,18,20.775862068965516,1,0,0
1041,2022-06-20,14,242,32,-18,20.0,36.0,24.0,13.0,8.0,13.333333333333334,19.2,2022,24.307692307692307,20,29.137931034482758,0,0,0
1042,2022-06-21,48,243,32,16,8.0,20.0,36.0,24.0,13.0,26.666666666666668,21.6,2022,24.307692307692307,21,26.120689655172413,0,0,0
1043,2022-06-22,20,244,32,-12,18.0,8.0,20.0,36.0,24.0,27.333333333333332,21.6,2022,24.307692307692307,22,27.271186440677965,0,0,0
1044,2022-06-23,32,245,32,0,14.0,18.0,8.0,20.0,36.0,33.333333333333336,26.4,2022,24.307692307692307,23,30.23728813559322,0,0,0
1045,2022-06-24,26,246,32,-6,48.0,14.0,18.0,8.0,20.0,26.0,28.0,2022,24.307692307692307,24,27.084745762711865,0,0,1
1046,2022-06-25,46,247,32,14,20.0,48.0,14.0,18.0,8.0,34.666666666666664,34.4,2022,24.307692307692307,25,20.775862068965516,1,0,1
1047,2022-06-27,24,248,32,-8,32.0,20.0,48.0,14.0,18.0,32.0,29.6,2022,24.307692307692307,27,29.137931034482758,0,0,1
1048,2022-06-28,23,249,32,-9,26.0,32.0,20.0,48.0,14.0,31.0,30.2,2022,24.307692307692307,28,26.120689655172413,0,0,1
1049,2022-06-29,33,250,32,1,46.0,26.0,32.0,20.0,48.0,26.666666666666668,30.4,2022,24.307692307692307,29,27.271186440677965,0,0,1
1050,2022-06-30,73,251,32,41,24.0,46.0,26.0,32.0,20.0,43.0,39.8,2022,24.307692307692307,30,30.23728813559322,0,0,1
1051,2022-07-01,18,252,32,-14,23.0,24.0,46.0,26.0,32.0,41.333333333333336,34.2,2022,29.12,1,27.084745762711865,0,1,0
1052,2022-07-02,13,253,33,-20,33.0,23.0,24.0,46.0,26.0,34.666666666666664,32.0,2022,29.12,2,20.775862068965516,1,1,0
1053,2022-07-04,9,254,33,-24,73.0,33.0,23.0,24.0,46.0,13.333333333333334,29.2,2022,29.12,4,29.137931034482758,0,1,0
1054,2022-07-05,22,255,33,-11,18.0,73.0,33.0,23.0,24.0,14.666666666666666,27.0,2022,29.12,5,26.120689655172413,0,1,0
1055,2022-07-06,20,256,33,-13,13.0,18.0,73.0,33.0,23.0,17.0,16.4,2022,29.12,6,27.271186440677965,0,1,0
1056,2022-07-07,39,257,33,6,9.0,13.0,18.0,73.0,33.0,27.0,20.6,2022,29.12,7,30.23728813559322,0,0,0
1057,2022-07-08,13,258,33,-20,22.0,9.0,13.0,18.0,73.0,24.0,20.6,2022,29.12,8,27.084745762711865,0,0,0
1058,2022-07-09,1,259,33,-32,20.0,22.0,9.0,13.0,18.0,17.666666666666668,19.0,2022,29.12,9,20.775862068965516,1,0,0
1059,2022-07-13,34,260,33,1,39.0,20.0,22.0,9.0,13.0,16.0,21.4,2022,29.12,13,27.271186440677965,0,0,0
1060,2022-07-14,29,261,33,-4,13.0,39.0,20.0,22.0,9.0,21.333333333333332,23.2,2022,29.12,14,30.23728813559322,0,0,0
1061,2022-07-15,32,262,33,-1,1.0,13.0,39.0,20.0,22.0,31.666666666666668,21.8,2022,29.12,15,27.084745762711865,0,0,0
1062,2022-07-16,34,263,33,1,34.0,1.0,13.0,39.0,20.0,31.666666666666668,26.0,2022,29.12,16,20.775862068965516,1,0,0
1063,2022-07-18,34,264,34,0,29.0,34.0,1.0,13.0,39.0,33.333333333333336,32.6,2022,29.12,18,29.137931034482758,0,0,0
1064,2022-07-19,34,265,34,0,32.0,29.0,34.0,1.0,13.0,34.0,32.6,2022,29.12,19,26.120689655172413,0,0,0
1065,2022-07-20,32,266,34,-2,34.0,32.0,29.0,34.0,1.0,33.333333333333336,33.2,2022,29.12,20,27.271186440677965,0,0,0
1066,2022-07-21,30,267,34,-4,34.0,34.0,32.0,29.0,34.0,32.0,32.8,2022,29.12,21,30.23728813559322,0,0,0
1067,2022-07-22,36,268,34,2,34.0,34.0,34.0,32.0,29.0,32.666666666666664,33.2,2022,29.12,22,27.084745762711865,0,0,0
1068,2022-07-23,40,269,34,6,32.0,34.0,34.0,34.0,32.0,35.333333333333336,34.4,2022,29.12,23,20.775862068965516,1,0,0
1069,2022-07-25,44,270,34,10,30.0,32.0,34.0,34.0,34.0,40.0,36.4,2022,29.12,25,29.137931034482758,0,0,1
1070,2022-07-26,26,271,34,-8,36.0,30.0,32.0,34.0,34.0,36.666666666666664,35.2,2022,29.12,26,26.120689655172413,0,0,1
1071,2022-07-27,56,272,34,22,40.0,36.0,30.0,32.0,34.0,42.0,40.4,2022,29.12,27,27.271186440677965,0,0,1
1072,2022-07-28,55,273,34,21,44.0,40.0,36.0,30.0,32.0,45.666666666666664,44.2,2022,29.12,28,30.23728813559322,0,0,1
1073,2022-07-29,38,274,34,4,26.0,44.0,40.0,36.0,30.0,49.666666666666664,43.8,2022,29.12,29,27.084745762711865,0,0,1
1074,2022-07-30,38,275,35,3,56.0,26.0,44.0,40.0,36.0,43.666666666666664,42.6,2022,29.12,30,20.775862068965516,1,0,1
1075,2022-07-31,1,276,35,-34,55.0,56.0,26.0,44.0,40.0,25.666666666666668,37.6,2022,29.12,31,1.0,1,0,1
1076,2022-08-01,24,277,35,-11,38.0,55.0,56.0,26.0,44.0,21.0,31.2,2022,48.407407407407405,1,29.137931034482758,0,1,0
1077,2022-08-02,32,278,35,-3,38.0,38.0,55.0,56.0,26.0,19.0,26.6,2022,48.407407407407405,2,26.120689655172413,0,1,0
1078,2022-08-03,43,279,35,8,1.0,38.0,38.0,55.0,56.0,33.0,27.6,2022,48.407407407407405,3,27.271186440677965,0,1,0
1079,2022-08-04,26,280,35,-9,24.0,1.0,38.0,38.0,55.0,33.666666666666664,25.2,2022,48.407407407407405,4,30.23728813559322,0,1,0
1080,2022-08-05,22,281,35,-13,32.0,24.0,1.0,38.0,38.0,30.333333333333332,29.4,2022,48.407407407407405,5,27.084745762711865,0,1,0
1081,2022-08-06,29,282,35,-6,43.0,32.0,24.0,1.0,38.0,25.666666666666668,30.4,2022,48.407407407407405,6,20.775862068965516,1,1,0
1082,2022-08-08,59,283,35,24,26.0,43.0,32.0,24.0,1.0,36.666666666666664,35.8,2022,48.407407407407405,8,29.137931034482758,0,0,0
1083,2022-08-09,43,284,35,8,22.0,26.0,43.0,32.0,24.0,43.666666666666664,35.8,2022,48.407407407407405,9,26.120689655172413,0,0,0
1084,2022-08-10,45,285,35,10,29.0,22.0,26.0,43.0,32.0,49.0,39.6,2022,48.407407407407405,10,27.271186440677965,0,0,0
1085,2022-08-11,24,286,36,-12,59.0,29.0,22.0,26.0,43.0,37.333333333333336,40.0,2022,48.407407407407405,11,30.23728813559322,0,0,0
1086,2022-08-12,159,287,36,123,43.0,59.0,29.0,22.0,26.0,76.0,66.0,2022,48.407407407407405,12,27.084745762711865,0,0,0
1087,2022-08-13,21,288,36,-15,45.0,43.0,59.0,29.0,22.0,68.0,58.4,2022,48.407407407407405,13,20.775862068965516,1,0,0
1088,2022-08-15,46,289,36,10,24.0,45.0,43.0,59.0,29.0,75.33333333333333,59.0,2022,48.407407407407405,15,29.137931034482758,0,0,0
1089,2022-08-16,56,290,36,20,159.0,24.0,45.0,43.0,59.0,41.0,61.2,2022,48.407407407407405,16,26.120689655172413,0,0,0
1090,2022-08-17,46,291,36,10,21.0,159.0,24.0,45.0,43.0,49.333333333333336,65.6,2022,48.407407407407405,17,27.271186440677965,0,0,0
1091,2022-08-18,46,292,36,10,46.0,21.0,159.0,24.0,45.0,49.333333333333336,43.0,2022,48.407407407407405,18,30.23728813559322,0,0,0
1092,2022-08-19,47,293,36,11,56.0,46.0,21.0,159.0,24.0,46.333333333333336,48.2,2022,48.407407407407405,19,27.084745762711865,0,0,0
1093,2022-08-20,33,294,36,-3,46.0,56.0,46.0,21.0,159.0,42.0,45.6,2022,48.407407407407405,20,20.775862068965516,1,0,0
1094,2022-08-22,45,295,36,9,46.0,46.0,56.0,46.0,21.0,41.666666666666664,43.4,2022,48.407407407407405,22,29.137931034482758,0,0,0
1095,2022-08-23,43,296,36,7,47.0,46.0,46.0,56.0,46.0,40.333333333333336,42.8,2022,48.407407407407405,23,26.120689655172413,0,0,0
1096,2022-08-24,58,297,37,21,33.0,47.0,46.0,46.0,56.0,48.666666666666664,45.2,2022,48.407407407407405,24,27.271186440677965,0,0,1
1097,2022-08-25,44,298,37,7,45.0,33.0,47.0,46.0,46.0,48.333333333333336,44.6,2022,48.407407407407405,25,30.23728813559322,0,0,1
1098,2022-08-26,35,299,37,-2,43.0,45.0,33.0,47.0,46.0,45.666666666666664,45.0,2022,48.407407407407405,26,27.084745762711865,0,0,1
1099,2022-08-27,42,300,37,5,58.0,43.0,45.0,33.0,47.0,40.333333333333336,44.4,2022,48.407407407407405,27,20.775862068965516,1,0,1
1100,2022-08-29,51,301,37,14,44.0,58.0,43.0,45.0,33.0,42.666666666666664,46.0,2022,48.407407407407405,29,29.137931034482758,0,0,1
1101,2022-08-30,38,302,37,1,35.0,44.0,58.0,43.0,45.0,43.666666666666664,42.0,2022,48.407407407407405,30,26.120689655172413,0,0,1
1102,2022-08-31,150,303,37,113,42.0,35.0,44.0,58.0,43.0,79.66666666666667,63.2,2022,48.407407407407405,31,27.271186440677965,0,0,1
1103,2022-09-01,25,304,37,-12,51.0,42.0,35.0,44.0,58.0,71.0,61.2,2022,46.37837837837838,1,30.23728813559322,0,1,0
1104,2022-09-02,34,305,37,-3,38.0,51.0,42.0,35.0,44.0,69.66666666666667,59.6,2022,46.37837837837838,2,27.084745762711865,0,1,0
1105,2022-09-03,33,306,37,-4,150.0,38.0,51.0,42.0,35.0,30.666666666666668,56.0,2022,46.37837837837838,3,20.775862068965516,1,1,0
1106,2022-09-05,36,307,37,-1,25.0,150.0,38.0,51.0,42.0,34.333333333333336,55.6,2022,46.37837837837838,5,29.137931034482758,0,1,0
1107,2022-09-06,39,308,38,1,34.0,25.0,150.0,38.0,51.0,36.0,33.4,2022,46.37837837837838,6,26.120689655172413,0,1,0
1108,2022-09-07,52,309,38,14,33.0,34.0,25.0,150.0,38.0,42.333333333333336,38.8,2022,46.37837837837838,7,27.271186440677965,0,0,0
1109,2022-09-08,35,310,38,-3,36.0,33.0,34.0,25.0,150.0,42.0,39.0,2022,46.37837837837838,8,30.23728813559322,0,0,0
1110,2022-09-09,44,311,38,6,39.0,36.0,33.0,34.0,25.0,43.666666666666664,41.2,2022,46.37837837837838,9,27.084745762711865,0,0,0
1111,2022-09-10,42,312,38,4,52.0,39.0,36.0,33.0,34.0,40.333333333333336,42.4,2022,46.37837837837838,10,20.775862068965516,1,0,0
1112,2022-09-12,49,313,38,11,35.0,52.0,39.0,36.0,33.0,45.0,44.4,2022,46.37837837837838,12,29.137931034482758,0,0,0
1113,2022-09-13,40,314,38,2,44.0,35.0,52.0,39.0,36.0,43.666666666666664,42.0,2022,46.37837837837838,13,26.120689655172413,0,0,0
1114,2022-09-14,59,315,38,21,42.0,44.0,35.0,52.0,39.0,49.333333333333336,46.8,2022,46.37837837837838,14,27.271186440677965,0,0,0
1115,2022-09-15,53,316,38,15,49.0,42.0,44.0,35.0,52.0,50.666666666666664,48.6,2022,46.37837837837838,15,30.23728813559322,0,0,0
1116,2022-09-16,35,317,38,-3,40.0,49.0,42.0,44.0,35.0,49.0,47.2,2022,46.37837837837838,16,27.084745762711865,0,0,0
1117,2022-09-17,35,318,38,-3,59.0,40.0,49.0,42.0,44.0,41.0,44.4,2022,46.37837837837838,17,20.775862068965516,1,0,0
1118,2022-09-19,66,319,39,27,53.0,59.0,40.0,49.0,42.0,45.333333333333336,49.6,2022,46.37837837837838,19,29.137931034482758,0,0,0
1119,2022-09-20,58,320,39,19,35.0,53.0,59.0,40.0,49.0,53.0,49.4,2022,46.37837837837838,20,26.120689655172413,0,0,0
1120,2022-09-21,19,321,39,-20,35.0,35.0,53.0,59.0,40.0,47.666666666666664,42.6,2022,46.37837837837838,21,27.271186440677965,0,0,0
1121,2022-09-22,116,322,39,77,66.0,35.0,35.0,53.0,59.0,64.33333333333333,58.8,2022,46.37837837837838,22,30.23728813559322,0,0,0
1122,2022-09-23,64,323,39,25,58.0,66.0,35.0,35.0,53.0,66.33333333333333,64.6,2022,46.37837837837838,23,27.084745762711865,0,0,0
1123,2022-09-24,44,324,39,5,19.0,58.0,66.0,35.0,35.0,74.66666666666667,60.2,2022,46.37837837837838,24,20.775862068965516,1,0,1
1124,2022-09-25,1,325,39,-38,116.0,19.0,58.0,66.0,35.0,36.333333333333336,48.8,2022,46.37837837837838,25,1.0,1,0,1
1125,2022-09-26,61,326,39,22,64.0,116.0,19.0,58.0,66.0,35.333333333333336,57.2,2022,46.37837837837838,26,29.137931034482758,0,0,1
1126,2022-09-27,93,327,39,54,44.0,64.0,116.0,19.0,58.0,51.666666666666664,52.6,2022,46.37837837837838,27,26.120689655172413,0,0,1
1127,2022-09-28,56,328,39,17,1.0,44.0,64.0,116.0,19.0,70.0,51.0,2022,46.37837837837838,28,27.271186440677965,0,0,1
1128,2022-09-29,57,329,39,18,61.0,1.0,44.0,64.0,116.0,68.66666666666667,53.6,2022,46.37837837837838,29,30.23728813559322,0,0,1
1129,2022-09-30,82,330,40,42,93.0,61.0,1.0,44.0,64.0,65.0,69.8,2022,46.37837837837838,30,27.084745762711865,0,0,1
1130,2022-10-01,15,331,40,-25,56.0,93.0,61.0,1.0,44.0,51.333333333333336,60.6,2022,39.79245283018868,1,20.775862068965516,1,1,0
1131,2022-10-03,67,332,40,27,57.0,56.0,93.0,61.0,1.0,54.666666666666664,55.4,2022,39.79245283018868,3,29.137931034482758,0,1,0
1132,2022-10-04,20,333,40,-20,82.0,57.0,56.0,93.0,61.0,34.0,48.2,2022,39.79245283018868,4,26.120689655172413,0,1,0
1133,2022-10-05,38,334,40,-2,15.0,82.0,57.0,56.0,93.0,41.666666666666664,44.4,2022,39.79245283018868,5,27.271186440677965,0,1,0
1134,2022-10-06,63,335,40,23,67.0,15.0,82.0,57.0,56.0,40.333333333333336,40.6,2022,39.79245283018868,6,30.23728813559322,0,1,0
1135,2022-10-07,53,336,40,13,20.0,67.0,15.0,82.0,57.0,51.333333333333336,48.2,2022,39.79245283018868,7,27.084745762711865,0,0,0
1136,2022-10-08,33,337,40,-7,38.0,20.0,67.0,15.0,82.0,49.666666666666664,41.4,2022,39.79245283018868,8,20.775862068965516,1,0,0
1137,2022-10-10,66,338,40,26,63.0,38.0,20.0,67.0,15.0,50.666666666666664,50.6,2022,39.79245283018868,10,29.137931034482758,0,0,0
1138,2022-10-11,49,339,40,9,53.0,63.0,38.0,20.0,67.0,49.333333333333336,52.8,2022,39.79245283018868,11,26.120689655172413,0,0,0
1139,2022-10-12,37,340,40,-3,33.0,53.0,63.0,38.0,20.0,50.666666666666664,47.6,2022,39.79245283018868,12,27.271186440677965,0,0,0
1140,2022-10-13,47,341,41,6,66.0,33.0,53.0,63.0,38.0,44.333333333333336,46.4,2022,39.79245283018868,13,30.23728813559322,0,0,0
1141,2022-10-14,66,342,41,25,49.0,66.0,33.0,53.0,63.0,50.0,53.0,2022,39.79245283018868,14,27.084745762711865,0,0,0
1142,2022-10-15,34,343,41,-7,37.0,49.0,66.0,33.0,53.0,49.0,46.6,2022,39.79245283018868,15,20.775862068965516,1,0,0
1143,2022-10-17,84,344,41,43,47.0,37.0,49.0,66.0,33.0,61.333333333333336,53.6,2022,39.79245283018868,17,29.137931034482758,0,0,0
1144,2022-10-18,65,345,41,24,66.0,47.0,37.0,49.0,66.0,61.0,59.2,2022,39.79245283018868,18,26.120689655172413,0,0,0
1145,2022-10-19,25,346,41,-16,34.0,66.0,47.0,37.0,49.0,58.0,54.8,2022,39.79245283018868,19,27.271186440677965,0,0,0
1146,2022-10-20,63,347,41,22,84.0,34.0,66.0,47.0,37.0,51.0,54.2,2022,39.79245283018868,20,30.23728813559322,0,0,0
1147,2022-10-21,79,348,41,38,65.0,84.0,34.0,66.0,47.0,55.666666666666664,63.2,2022,39.79245283018868,21,27.084745762711865,0,0,0
1148,2022-10-22,32,349,41,-9,25.0,65.0,84.0,34.0,66.0,58.0,52.8,2022,39.79245283018868,22,20.775862068965516,1,0,0
1149,2022-10-24,52,350,41,11,63.0,25.0,65.0,84.0,34.0,54.333333333333336,50.2,2022,39.79245283018868,24,29.137931034482758,0,0,1
1150,2022-10-25,74,351,41,33,79.0,63.0,25.0,65.0,84.0,52.666666666666664,60.0,2022,39.79245283018868,25,26.120689655172413,0,0,1
1151,2022-10-26,69,352,42,27,32.0,79.0,63.0,25.0,65.0,65.0,61.2,2022,39.79245283018868,26,27.271186440677965,0,0,1
1152,2022-10-27,67,353,42,25,52.0,32.0,79.0,63.0,25.0,70.0,58.8,2022,39.79245283018868,27,30.23728813559322,0,0,1
1153,2022-10-28,47,354,42,5,74.0,52.0,32.0,79.0,63.0,61.0,61.8,2022,39.79245283018868,28,27.084745762711865,0,0,1
1154,2022-10-29,45,355,42,3,69.0,74.0,52.0,32.0,79.0,53.0,60.4,2022,39.79245283018868,29,20.775862068965516,1,0,1
1155,2022-10-30,1,356,42,-41,67.0,69.0,74.0,52.0,32.0,31.0,45.8,2022,39.79245283018868,30,1.0,1,0,1
1156,2022-10-31,110,357,42,68,47.0,67.0,69.0,74.0,52.0,52.0,54.0,2022,39.79245283018868,31,29.137931034482758,0,0,1
1157,2022-11-01,31,358,42,-11,45.0,47.0,67.0,69.0,74.0,47.333333333333336,46.8,2022,20.58823529411765,1,26.120689655172413,0,1,0
1158,2022-11-02,32,359,42,-10,1.0,45.0,47.0,67.0,69.0,57.666666666666664,43.8,2022,20.58823529411765,2,27.271186440677965,0,1,0
1159,2022-11-03,46,360,42,4,110.0,1.0,45.0,47.0,67.0,36.333333333333336,44.0,2022,20.58823529411765,3,30.23728813559322,0,1,0
1160,2022-11-04,47,361,42,5,31.0,110.0,1.0,45.0,47.0,41.666666666666664,53.2,2022,20.58823529411765,4,27.084745762711865,0,1,0
1161,2022-11-05,20,362,42,-22,32.0,31.0,110.0,1.0,45.0,37.666666666666664,35.2,2022,20.58823529411765,5,20.775862068965516,1,1,0
1162,2022-11-07,40,363,43,-3,46.0,32.0,31.0,110.0,1.0,35.666666666666664,37.0,2022,20.58823529411765,7,29.137931034482758,0,0,0
1163,2022-11-08,35,364,43,-8,47.0,46.0,32.0,31.0,110.0,31.666666666666668,37.6,2022,20.58823529411765,8,26.120689655172413,0,0,0
1164,2022-11-09,26,365,43,-17,20.0,47.0,46.0,32.0,31.0,33.666666666666664,33.6,2022,20.58823529411765,9,27.271186440677965,0,0,0
